date,temperature,humidity,rainfall,wind_speed,pressure,visibility,latitude,longitude
2023-01-01,20.9,75,11.2,16.8,1013.8,8.8,7.2906,80.6337
2023-01-02,29.6,55,0.2,4.1,1004.4,11.8,7.2906,80.6337
2023-01-03,22.2,50,0.1,4.9,1031.2,13.0,7.2906,80.6337
2023-01-04,30.3,69,3.8,0.7,1005.9,13.6,7.2906,80.6337
2023-01-05,24.9,56,0.7,5.7,996.7,12.7,7.2906,80.6337
2023-01-06,37.3,89,0.3,5.3,1000.1,5.5,7.2906,80.6337
2023-01-07,32.8,68,0.7,2.4,1017.3,14.9,7.2906,80.6337
2023-01-08,27.2,88,0.3,6.8,991.1,12.7,7.2906,80.6337
2023-01-09,40.2,71,0.2,15.3,1004.2,6.5,7.2906,80.6337
2023-01-10,27.2,81,0.5,0.9,1007.0,10.5,7.2906,80.6337
2023-01-11,33.7,67,3.2,1.8,1007.8,6.0,7.2906,80.6337
2023-01-12,23.6,68,0.3,2.3,1009.3,13.1,7.2906,80.6337
2023-01-13,25.8,67,0.3,16.4,1019.7,9.1,7.2906,80.6337
2023-01-14,20.6,79,3.2,11.6,1014.5,10.3,7.2906,80.6337
2023-01-15,22.3,81,0.2,13.6,1005.9,14.1,7.2906,80.6337
2023-01-16,27.0,77,0.5,20.0,996.7,10.7,7.2906,80.6337
2023-01-17,19.6,56,0.1,19.0,1013.4,5.2,7.2906,80.6337
2023-01-18,20.9,51,3.8,15.0,1007.1,6.2,7.2906,80.6337
2023-01-19,18.9,84,6.8,13.5,1011.5,8.2,7.2906,80.6337
2023-01-20,29.1,74,0.9,2.7,1019.0,7.1,7.2906,80.6337
2023-01-21,25.5,70,1.0,16.0,1019.4,11.1,7.2906,80.6337
2023-01-22,26.5,86,3.5,5.0,1005.0,5.9,7.2906,80.6337
2023-01-23,28.5,57,0.4,3.2,1002.5,14.4,7.2906,80.6337
2023-01-24,33.3,69,0.6,4.7,1010.4,14.1,7.2906,80.6337
2023-01-25,37.1,81,0.8,6.8,1027.5,14.0,7.2906,80.6337
2023-01-26,33.7,88,0.0,12.2,1010.2,7.3,7.2906,80.6337
2023-01-27,29.1,73,0.1,16.8,1007.5,10.0,7.2906,80.6337
2023-01-28,25.8,78,5.3,17.5,1009.4,13.0,7.2906,80.6337
2023-01-29,24.5,75,1.8,4.7,1021.1,6.5,7.2906,80.6337
2023-01-30,35.0,81,1.5,6.8,1007.8,9.7,7.2906,80.6337
2023-01-31,22.9,56,4.8,9.2,1014.7,14.1,7.2906,80.6337
2023-02-01,26.2,56,4.6,2.0,1032.3,13.7,7.2906,80.6337
2023-02-02,14.3,72,1.7,12.2,999.0,10.1,7.2906,80.6337
2023-02-03,24.8,69,1.1,15.8,1013.9,6.3,7.2906,80.6337
2023-02-04,30.6,67,1.7,9.4,1010.2,5.3,7.2906,80.6337
2023-02-05,39.8,56,3.6,15.8,1014.9,13.6,7.2906,80.6337
2023-02-06,14.9,88,3.2,2.4,1012.1,6.0,7.2906,80.6337
2023-02-07,29.6,52,0.7,11.0,1022.3,7.6,7.2906,80.6337
2023-02-08,29.9,61,7.8,4.9,997.1,10.0,7.2906,80.6337
2023-02-09,25.7,71,3.6,9.8,1006.4,5.6,7.2906,80.6337
2023-02-10,30.6,85,1.0,3.8,1002.2,13.1,7.2906,80.6337
2023-02-11,25.4,72,0.6,2.5,1011.2,13.9,7.2906,80.6337
2023-02-12,24.9,70,4.4,17.5,1007.4,8.7,7.2906,80.6337
2023-02-13,32.3,68,0.4,2.2,1008.0,7.2,7.2906,80.6337
2023-02-14,27.7,70,4.1,16.9,1024.8,5.1,7.2906,80.6337
2023-02-15,32.6,54,2.7,3.3,1022.2,5.1,7.2906,80.6337
2023-02-16,31.1,86,3.8,3.0,998.7,13.2,7.2906,80.6337
2023-02-17,33.8,82,1.1,7.0,1005.9,6.1,7.2906,80.6337
2023-02-18,23.5,89,0.2,6.2,998.7,10.6,7.2906,80.6337
2023-02-19,21.7,67,2.6,5.7,1004.4,13.7,7.2906,80.6337
2023-02-20,28.7,79,3.5,14.3,1015.7,8.5,7.2906,80.6337
2023-02-21,20.8,88,0.2,9.1,1015.2,8.4,7.2906,80.6337
2023-02-22,25.4,66,1.5,10.4,1008.6,14.1,7.2906,80.6337
2023-02-23,24.7,89,2.0,5.3,1012.4,9.1,7.2906,80.6337
2023-02-24,24.7,88,6.5,3.5,1011.4,14.9,7.2906,80.6337
2023-02-25,26.1,58,0.8,17.7,1014.1,11.4,7.2906,80.6337
2023-02-26,23.1,85,0.4,17.9,1016.2,14.4,7.2906,80.6337
2023-02-27,22.4,58,3.7,10.9,1019.5,12.7,7.2906,80.6337
2023-02-28,25.5,59,4.5,18.3,1010.3,10.6,7.2906,80.6337
2023-03-01,23.1,67,1.8,10.4,1018.6,7.3,7.2906,80.6337
2023-03-02,36.6,84,2.5,13.6,1024.9,12.4,7.2906,80.6337
2023-03-03,33.0,75,3.9,4.5,1023.2,13.0,7.2906,80.6337
2023-03-04,30.9,84,0.3,11.0,1007.0,14.2,7.2906,80.6337
2023-03-05,35.9,73,2.5,7.8,1016.7,12.2,7.2906,80.6337
2023-03-06,27.7,66,0.3,15.8,1003.9,14.8,7.2906,80.6337
2023-03-07,17.9,50,0.3,12.1,1011.3,11.9,7.2906,80.6337
2023-03-08,27.7,85,3.4,7.4,1012.1,14.2,7.2906,80.6337
2023-03-09,24.4,86,1.6,3.3,997.9,8.9,7.2906,80.6337
2023-03-10,29.7,89,0.5,0.1,1032.3,5.4,7.2906,80.6337
2023-03-11,29.0,75,0.1,0.5,1001.2,5.1,7.2906,80.6337
2023-03-12,30.7,85,0.9,3.9,1014.2,13.3,7.2906,80.6337
2023-03-13,26.9,52,2.2,7.4,1016.6,7.7,7.2906,80.6337
2023-03-14,26.5,87,0.3,19.5,1021.3,7.4,7.2906,80.6337
2023-03-15,30.8,54,3.0,4.6,1009.2,13.1,7.2906,80.6337
2023-03-16,38.0,50,1.0,1.3,1009.4,5.9,7.2906,80.6337
2023-03-17,32.1,79,0.9,14.3,1015.6,12.1,7.2906,80.6337
2023-03-18,24.3,58,3.0,16.4,1000.9,10.1,7.2906,80.6337
2023-03-19,33.0,76,0.3,14.4,1032.3,8.8,7.2906,80.6337
2023-03-20,20.2,56,2.9,8.8,1000.2,9.4,7.2906,80.6337
2023-03-21,36.8,56,0.4,4.9,1013.6,11.5,7.2906,80.6337
2023-03-22,16.6,60,1.1,11.3,1002.5,6.8,7.2906,80.6337
2023-03-23,29.6,68,0.3,10.7,1014.1,6.5,7.2906,80.6337
2023-03-24,28.3,70,1.9,14.5,1019.5,11.1,7.2906,80.6337
2023-03-25,28.6,87,0.5,1.4,992.7,12.7,7.2906,80.6337
2023-03-26,28.6,82,1.3,14.7,1002.7,10.7,7.2906,80.6337
2023-03-27,33.9,87,0.8,4.4,1025.9,6.3,7.2906,80.6337
2023-03-28,24.5,51,1.3,12.8,999.5,7.3,7.2906,80.6337
2023-03-29,26.9,81,3.0,18.3,1014.8,6.8,7.2906,80.6337
2023-03-30,28.4,57,2.6,15.3,1011.7,6.7,7.2906,80.6337
2023-03-31,22.1,76,0.8,3.5,1012.4,10.0,7.2906,80.6337
2023-04-01,24.0,80,0.5,8.3,1022.9,13.1,7.2906,80.6337
2023-04-02,25.1,82,0.9,4.3,1025.2,7.3,7.2906,80.6337
2023-04-03,31.8,60,2.6,18.6,1001.9,13.0,7.2906,80.6337
2023-04-04,31.9,54,0.3,1.4,996.5,7.4,7.2906,80.6337
2023-04-05,33.6,63,3.4,1.7,1001.9,11.3,7.2906,80.6337
2023-04-06,31.3,81,1.3,12.4,1005.1,9.9,7.2906,80.6337
2023-04-07,21.8,57,2.2,19.5,1032.5,6.3,7.2906,80.6337
2023-04-08,37.2,85,3.3,14.8,1021.7,13.1,7.2906,80.6337
2023-04-09,29.8,80,0.6,2.5,1007.2,5.4,7.2906,80.6337
2023-04-10,31.4,82,0.1,8.5,1020.8,9.3,7.2906,80.6337
2023-04-11,32.9,84,1.3,9.3,1032.6,5.3,7.2906,80.6337
2023-04-12,23.8,53,2.1,10.4,1009.1,14.1,7.2906,80.6337
2023-04-13,26.4,72,9.6,19.4,1002.3,14.8,7.2906,80.6337
2023-04-14,27.1,72,4.1,1.2,1017.2,8.6,7.2906,80.6337
2023-04-15,23.3,69,0.7,0.1,992.6,12.2,7.2906,80.6337
2023-04-16,23.0,58,1.2,18.0,1016.6,12.5,7.2906,80.6337
2023-04-17,26.4,59,1.3,6.4,998.0,9.0,7.2906,80.6337
2023-04-18,33.2,66,0.8,14.5,1007.9,11.3,7.2906,80.6337
2023-04-19,33.0,55,1.9,18.8,1014.6,14.7,7.2906,80.6337
2023-04-20,25.5,65,0.8,6.6,1013.2,6.8,7.2906,80.6337
2023-04-21,27.7,66,6.9,2.3,1002.4,14.4,7.2906,80.6337
2023-04-22,26.1,53,2.1,10.7,1025.1,11.5,7.2906,80.6337
2023-04-23,27.1,51,1.2,5.6,1027.4,14.9,7.2906,80.6337
2023-04-24,22.5,78,0.8,1.9,1020.6,8.7,7.2906,80.6337
2023-04-25,24.9,79,3.0,5.2,1018.8,13.6,7.2906,80.6337
2023-04-26,28.5,52,2.9,5.9,1013.6,8.1,7.2906,80.6337
2023-04-27,31.0,79,1.4,4.8,1007.5,6.4,7.2906,80.6337
2023-04-28,27.5,50,2.9,7.3,992.1,11.5,7.2906,80.6337
2023-04-29,20.5,80,1.8,4.7,1011.7,13.5,7.2906,80.6337
2023-04-30,27.6,53,1.6,6.4,1017.3,10.9,7.2906,80.6337
2023-05-01,19.4,67,3.0,1.9,1000.0,14.8,7.2906,80.6337
2023-05-02,26.8,69,2.7,12.0,1010.1,13.9,7.2906,80.6337
2023-05-03,33.7,72,0.5,14.7,1018.7,12.5,7.2906,80.6337
2023-05-04,25.0,78,3.7,11.2,1005.2,14.2,7.2906,80.6337
2023-05-05,33.3,72,0.0,2.0,1009.2,12.1,7.2906,80.6337
2023-05-06,31.9,80,0.8,11.7,1018.4,9.4,7.2906,80.6337
2023-05-07,22.5,76,2.3,9.4,1009.3,7.8,7.2906,80.6337
2023-05-08,28.0,50,0.6,9.2,1025.4,11.6,7.2906,80.6337
2023-05-09,24.2,86,0.2,16.5,1013.5,11.7,7.2906,80.6337
2023-05-10,26.7,65,1.5,10.1,995.7,6.4,7.2906,80.6337
2023-05-11,28.7,87,3.1,14.8,1013.7,5.1,7.2906,80.6337
2023-05-12,23.1,79,1.7,17.5,1014.3,11.0,7.2906,80.6337
2023-05-13,24.1,76,3.9,12.6,1020.9,10.6,7.2906,80.6337
2023-05-14,24.8,87,4.8,10.4,1013.1,6.6,7.2906,80.6337
2023-05-15,26.9,82,0.1,19.8,1006.6,5.7,7.2906,80.6337
2023-05-16,24.2,57,0.4,1.7,1004.7,7.1,7.2906,80.6337
2023-05-17,26.7,76,2.7,18.5,999.0,9.0,7.2906,80.6337
2023-05-18,21.9,72,0.2,11.5,1014.3,11.4,7.2906,80.6337
2023-05-19,23.3,78,3.0,14.5,1015.2,8.2,7.2906,80.6337
2023-05-20,23.9,64,0.3,19.1,1006.3,13.0,7.2906,80.6337
2023-05-21,26.7,63,0.5,8.1,1001.7,8.0,7.2906,80.6337
2023-05-22,17.4,57,1.7,19.9,1015.2,8.9,7.2906,80.6337
2023-05-23,38.8,70,0.5,3.8,1015.5,6.9,7.2906,80.6337
2023-05-24,31.6,58,2.2,15.3,1004.2,7.7,7.2906,80.6337
2023-05-25,27.0,58,1.7,2.4,1008.7,14.6,7.2906,80.6337
2023-05-26,33.5,83,1.1,1.6,1004.7,14.8,7.2906,80.6337
2023-05-27,28.3,84,0.6,7.6,1011.0,14.8,7.2906,80.6337
2023-05-28,21.5,78,2.2,12.9,994.5,8.6,7.2906,80.6337
2023-05-29,27.2,55,1.8,18.6,991.9,10.9,7.2906,80.6337
2023-05-30,28.5,64,1.4,16.6,1001.9,11.7,7.2906,80.6337
2023-05-31,28.9,80,2.5,12.9,1010.3,13.0,7.2906,80.6337
2023-06-01,31.8,80,1.2,14.5,1020.9,8.2,7.2906,80.6337
2023-06-02,23.2,58,0.0,0.1,1009.5,8.9,7.2906,80.6337
2023-06-03,25.1,70,4.2,11.0,1001.8,13.3,7.2906,80.6337
2023-06-04,25.4,50,2.0,16.4,1025.2,6.2,7.2906,80.6337
2023-06-05,26.8,61,3.1,18.1,1012.7,6.3,7.2906,80.6337
2023-06-06,23.5,72,1.5,10.4,1001.9,5.9,7.2906,80.6337
2023-06-07,33.0,56,3.4,9.5,1015.8,10.1,7.2906,80.6337
2023-06-08,18.7,72,0.1,4.7,1011.1,8.2,7.2906,80.6337
2023-06-09,35.3,83,0.2,4.3,1008.5,10.3,7.2906,80.6337
2023-06-10,26.0,59,2.0,2.9,1013.3,8.0,7.2906,80.6337
2023-06-11,26.6,86,2.5,0.2,1017.6,14.9,7.2906,80.6337
2023-06-12,29.7,56,2.6,15.4,1018.0,12.6,7.2906,80.6337
2023-06-13,39.6,66,0.8,12.7,1011.0,13.0,7.2906,80.6337
2023-06-14,26.7,56,3.9,8.9,1007.6,12.6,7.2906,80.6337
2023-06-15,27.7,70,2.1,2.6,1002.1,10.5,7.2906,80.6337
2023-06-16,23.5,87,1.9,1.7,987.9,11.5,7.2906,80.6337
2023-06-17,34.6,71,3.2,10.1,1025.3,11.8,7.2906,80.6337
2023-06-18,22.7,67,0.5,7.1,1009.3,6.5,7.2906,80.6337
2023-06-19,37.2,71,1.5,4.0,994.2,12.5,7.2906,80.6337
2023-06-20,29.8,89,0.9,2.0,989.7,5.5,7.2906,80.6337
2023-06-21,30.3,58,0.1,13.3,996.2,7.2,7.2906,80.6337
2023-06-22,30.1,72,0.9,6.6,1011.6,5.2,7.2906,80.6337
2023-06-23,29.3,77,1.6,2.9,1016.6,12.2,7.2906,80.6337
2023-06-24,28.0,66,0.9,11.4,1008.6,13.1,7.2906,80.6337
2023-06-25,31.9,83,1.4,12.1,1007.8,7.1,7.2906,80.6337
2023-06-26,21.2,62,4.1,6.6,1016.6,6.2,7.2906,80.6337
2023-06-27,26.9,58,0.4,4.9,1014.4,10.7,7.2906,80.6337
2023-06-28,31.7,57,1.9,13.9,1026.8,8.8,7.2906,80.6337
2023-06-29,29.5,51,4.2,8.3,991.0,9.7,7.2906,80.6337
2023-06-30,28.9,78,1.6,12.4,1001.7,11.4,7.2906,80.6337
2023-07-01,19.3,54,0.2,19.5,1002.7,9.4,7.2906,80.6337
2023-07-02,20.3,63,0.3,16.7,1025.0,14.5,7.2906,80.6337
2023-07-03,26.5,84,2.8,0.8,1025.9,6.8,7.2906,80.6337
2023-07-04,22.7,53,0.5,3.3,993.9,14.6,7.2906,80.6337
2023-07-05,32.6,71,3.3,7.0,986.5,11.4,7.2906,80.6337
2023-07-06,23.9,80,0.3,4.4,1014.5,9.7,7.2906,80.6337
2023-07-07,24.6,72,3.0,7.8,1008.9,5.0,7.2906,80.6337
2023-07-08,27.0,52,0.5,1.3,1007.3,6.7,7.2906,80.6337
2023-07-09,25.1,54,1.5,17.8,1017.8,14.5,7.2906,80.6337
2023-07-10,23.6,89,3.0,1.0,1000.3,7.4,7.2906,80.6337
2023-07-11,29.7,67,4.3,17.0,995.6,5.9,7.2906,80.6337
2023-07-12,23.7,64,0.3,15.8,1004.5,12.8,7.2906,80.6337
2023-07-13,32.7,88,0.8,18.5,1007.6,10.6,7.2906,80.6337
2023-07-14,31.3,54,0.1,16.0,998.2,13.7,7.2906,80.6337
2023-07-15,26.7,72,0.8,7.6,1001.5,6.9,7.2906,80.6337
2023-07-16,21.9,74,2.6,8.8,991.7,5.8,7.2906,80.6337
2023-07-17,26.7,88,2.3,9.4,1009.5,10.0,7.2906,80.6337
2023-07-18,29.0,63,0.8,18.2,1010.1,7.3,7.2906,80.6337
2023-07-19,29.6,58,0.1,11.2,1005.3,12.3,7.2906,80.6337
2023-07-20,27.7,51,0.8,13.1,1007.5,14.0,7.2906,80.6337
2023-07-21,28.7,86,5.0,10.2,995.7,6.9,7.2906,80.6337
2023-07-22,25.7,67,4.4,4.6,1004.9,10.1,7.2906,80.6337
2023-07-23,23.3,72,1.4,13.1,998.6,13.1,7.2906,80.6337
2023-07-24,27.7,58,5.8,1.7,1005.2,9.3,7.2906,80.6337
2023-07-25,19.1,68,0.0,3.3,1009.1,14.5,7.2906,80.6337
2023-07-26,33.6,77,0.9,5.1,1027.0,11.8,7.2906,80.6337
2023-07-27,23.2,81,1.2,15.1,1020.0,11.3,7.2906,80.6337
2023-07-28,24.8,63,0.0,13.3,997.2,5.6,7.2906,80.6337
2023-07-29,25.6,79,0.9,14.9,1000.5,6.7,7.2906,80.6337
2023-07-30,33.3,66,7.4,19.4,1000.6,12.1,7.2906,80.6337
2023-07-31,31.9,72,0.6,13.2,1008.7,10.2,7.2906,80.6337
2023-08-01,30.1,73,4.1,10.8,1006.6,13.6,7.2906,80.6337
2023-08-02,25.6,83,2.3,2.2,1019.1,5.6,7.2906,80.6337
2023-08-03,18.0,64,0.6,2.6,1016.9,6.5,7.2906,80.6337
2023-08-04,30.2,50,0.5,5.1,1011.7,10.7,7.2906,80.6337
2023-08-05,33.4,57,1.5,9.1,1007.7,12.5,7.2906,80.6337
2023-08-06,31.3,80,1.7,17.9,1027.5,13.7,7.2906,80.6337
2023-08-07,21.2,81,2.1,11.8,1010.2,6.2,7.2906,80.6337
2023-08-08,28.1,78,0.1,17.1,998.9,10.4,7.2906,80.6337
2023-08-09,26.6,78,0.2,9.5,1002.0,11.0,7.2906,80.6337
2023-08-10,36.8,60,2.9,9.7,1003.1,9.6,7.2906,80.6337
2023-08-11,30.7,80,3.3,6.3,1004.1,7.1,7.2906,80.6337
2023-08-12,24.5,70,0.5,9.7,1030.8,5.3,7.2906,80.6337
2023-08-13,25.9,72,4.1,4.4,1010.7,14.4,7.2906,80.6337
2023-08-14,26.0,68,1.4,19.0,998.9,6.8,7.2906,80.6337
2023-08-15,25.5,69,0.4,4.2,1010.2,11.1,7.2906,80.6337
2023-08-16,27.7,73,2.8,9.7,1007.9,5.7,7.2906,80.6337
2023-08-17,29.0,65,0.7,2.7,1027.7,8.6,7.2906,80.6337
2023-08-18,26.2,53,1.6,0.1,1011.2,12.8,7.2906,80.6337
2023-08-19,23.7,75,0.4,2.5,1003.2,13.8,7.2906,80.6337
2023-08-20,30.2,66,0.0,14.7,1008.1,9.6,7.2906,80.6337
2023-08-21,32.1,82,5.0,11.8,1022.8,5.5,7.2906,80.6337
2023-08-22,23.8,72,2.7,7.2,1029.7,9.9,7.2906,80.6337
2023-08-23,30.8,88,0.0,3.1,1006.5,5.8,7.2906,80.6337
2023-08-24,29.3,63,11.0,8.7,1014.5,9.8,7.2906,80.6337
2023-08-25,26.9,82,0.7,2.2,1001.4,7.6,7.2906,80.6337
2023-08-26,43.7,59,1.9,18.9,1040.0,10.8,7.2906,80.6337
2023-08-27,25.9,82,1.0,15.7,1004.0,13.4,7.2906,80.6337
2023-08-28,26.3,56,2.7,5.4,1020.6,9.9,7.2906,80.6337
2023-08-29,21.9,51,0.1,18.2,1004.7,7.3,7.2906,80.6337
2023-08-30,26.9,79,0.7,0.5,1006.0,9.5,7.2906,80.6337
2023-08-31,34.0,75,0.8,14.7,1015.0,11.8,7.2906,80.6337
2023-09-01,24.0,77,1.8,12.2,1023.7,13.9,7.2906,80.6337
2023-09-02,30.9,55,1.1,11.4,1008.3,5.7,7.2906,80.6337
2023-09-03,28.6,61,2.8,17.2,1022.6,15.0,7.2906,80.6337
2023-09-04,32.9,52,0.4,8.2,1009.8,13.9,7.2906,80.6337
2023-09-05,26.8,82,0.3,17.4,1017.2,11.5,7.2906,80.6337
2023-09-06,32.9,62,1.0,19.6,1020.3,8.1,7.2906,80.6337
2023-09-07,25.6,76,4.4,9.4,1015.5,12.6,7.2906,80.6337
2023-09-08,27.0,88,1.1,7.6,997.2,11.8,7.2906,80.6337
2023-09-09,28.6,83,2.2,16.7,1003.3,6.8,7.2906,80.6337
2023-09-10,34.1,88,2.4,11.6,1036.9,7.7,7.2906,80.6337
2023-09-11,22.6,62,1.6,5.7,1006.0,7.5,7.2906,80.6337
2023-09-12,15.1,62,0.9,8.6,1017.5,5.5,7.2906,80.6337
2023-09-13,29.7,58,4.5,10.9,1013.9,11.9,7.2906,80.6337
2023-09-14,35.3,62,4.0,5.2,1015.0,13.9,7.2906,80.6337
2023-09-15,23.9,86,1.9,13.3,993.1,8.3,7.2906,80.6337
2023-09-16,21.8,78,1.0,8.7,1013.8,12.7,7.2906,80.6337
2023-09-17,25.9,66,2.5,4.4,1011.1,13.3,7.2906,80.6337
2023-09-18,23.1,53,2.0,4.3,1010.2,11.1,7.2906,80.6337
2023-09-19,24.8,81,1.4,14.8,1007.6,13.6,7.2906,80.6337
2023-09-20,36.9,56,5.0,3.9,1024.5,12.9,7.2906,80.6337
2023-09-21,30.4,60,3.8,12.2,1005.0,6.7,7.2906,80.6337
2023-09-22,25.0,72,0.2,5.8,1023.2,6.0,7.2906,80.6337
2023-09-23,28.4,62,0.3,16.7,1005.1,5.1,7.2906,80.6337
2023-09-24,23.0,56,0.6,1.8,1000.6,14.6,7.2906,80.6337
2023-09-25,35.4,77,0.2,2.2,1015.2,9.7,7.2906,80.6337
2023-09-26,29.6,68,3.4,16.0,1013.9,11.6,7.2906,80.6337
2023-09-27,36.7,80,0.3,7.9,1010.6,10.6,7.2906,80.6337
2023-09-28,31.6,68,1.9,13.7,1002.3,15.0,7.2906,80.6337
2023-09-29,23.4,70,0.2,7.7,1016.8,7.0,7.2906,80.6337
2023-09-30,19.5,75,2.8,10.0,1019.6,5.1,7.2906,80.6337
2023-10-01,27.3,56,0.2,10.5,1015.7,14.9,7.2906,80.6337
2023-10-02,33.2,76,3.6,19.7,1023.4,13.7,7.2906,80.6337
2023-10-03,29.7,51,1.3,10.4,1004.6,14.3,7.2906,80.6337
2023-10-04,29.3,71,2.6,10.7,1010.4,9.6,7.2906,80.6337
2023-10-05,32.4,72,4.9,5.2,986.4,12.9,7.2906,80.6337
2023-10-06,27.4,80,0.4,15.1,1013.5,13.8,7.2906,80.6337
2023-10-07,27.8,61,1.4,3.5,1012.3,13.2,7.2906,80.6337
2023-10-08,33.1,83,5.5,2.4,998.2,11.0,7.2906,80.6337
2023-10-09,27.2,89,10.3,3.0,1002.1,12.6,7.2906,80.6337
2023-10-10,31.3,68,1.2,12.2,1006.3,6.8,7.2906,80.6337
2023-10-11,30.1,78,3.8,6.1,1007.9,12.4,7.2906,80.6337
2023-10-12,34.7,72,1.5,5.5,1005.1,9.7,7.2906,80.6337
2023-10-13,21.6,82,3.9,2.7,1016.5,12.3,7.2906,80.6337
2023-10-14,32.5,86,1.2,7.7,1020.6,6.7,7.2906,80.6337
2023-10-15,29.5,82,1.9,16.9,1012.3,6.8,7.2906,80.6337
2023-10-16,24.0,58,2.6,8.4,1010.9,11.8,7.2906,80.6337
2023-10-17,21.9,50,4.2,18.5,1012.1,9.2,7.2906,80.6337
2023-10-18,32.5,85,0.3,9.9,1029.8,13.7,7.2906,80.6337
2023-10-19,23.5,89,1.3,10.7,1021.5,9.1,7.2906,80.6337
2023-10-20,29.3,72,2.0,14.5,1016.5,9.2,7.2906,80.6337
2023-10-21,28.9,54,7.8,0.0,1011.6,10.9,7.2906,80.6337
2023-10-22,21.4,85,1.2,12.8,1018.1,6.6,7.2906,80.6337
2023-10-23,33.3,52,1.7,11.3,1022.6,13.7,7.2906,80.6337
2023-10-24,31.2,78,1.9,17.8,1001.0,13.6,7.2906,80.6337
2023-10-25,22.1,52,0.4,16.5,998.1,12.8,7.2906,80.6337
2023-10-26,27.2,60,0.8,15.2,1015.9,8.9,7.2906,80.6337
2023-10-27,33.5,89,0.9,15.7,1005.1,10.8,7.2906,80.6337
2023-10-28,29.0,78,0.5,4.9,1009.5,12.0,7.2906,80.6337
2023-10-29,23.7,87,1.9,2.3,1019.3,11.2,7.2906,80.6337
2023-10-30,31.6,61,1.4,6.5,1021.1,7.9,7.2906,80.6337
2023-10-31,26.1,55,3.0,12.2,1011.5,13.2,7.2906,80.6337
2023-11-01,32.7,56,6.2,16.9,1013.8,8.5,7.2906,80.6337
2023-11-02,36.9,84,2.1,0.4,1013.7,13.8,7.2906,80.6337
2023-11-03,31.9,75,1.8,7.7,1008.3,14.9,7.2906,80.6337
2023-11-04,23.5,66,0.3,13.6,1019.8,10.7,7.2906,80.6337
2023-11-05,18.2,77,4.6,16.8,1002.1,13.2,7.2906,80.6337
2023-11-06,26.1,62,0.4,11.1,1014.2,12.7,7.2906,80.6337
2023-11-07,25.8,83,0.7,10.0,1008.3,10.3,7.2906,80.6337
2023-11-08,23.0,83,5.0,19.5,1008.0,5.3,7.2906,80.6337
2023-11-09,27.8,80,0.0,13.9,990.0,12.4,7.2906,80.6337
2023-11-10,24.6,75,2.0,12.4,1004.4,10.6,7.2906,80.6337
2023-11-11,30.8,64,8.8,9.7,985.4,6.7,7.2906,80.6337
2023-11-12,25.0,68,2.5,13.7,1014.3,8.5,7.2906,80.6337
2023-11-13,27.0,66,1.4,4.6,1007.2,11.0,7.2906,80.6337
2023-11-14,30.9,74,2.7,16.4,1004.9,11.0,7.2906,80.6337
2023-11-15,23.5,58,1.5,8.5,1019.5,6.7,7.2906,80.6337
2023-11-16,20.2,76,0.8,6.6,992.4,9.3,7.2906,80.6337
2023-11-17,34.8,59,2.9,2.7,1003.2,11.4,7.2906,80.6337
2023-11-18,24.8,51,5.5,7.6,1004.0,14.5,7.2906,80.6337
2023-11-19,21.7,52,0.1,17.9,1012.6,8.2,7.2906,80.6337
2023-11-20,23.8,65,1.1,6.4,1005.5,13.8,7.2906,80.6337
2023-11-21,30.2,72,0.4,11.8,995.0,14.8,7.2906,80.6337
2023-11-22,25.4,53,1.9,4.9,1019.0,11.9,7.2906,80.6337
2023-11-23,37.5,54,0.4,13.1,1006.8,10.1,7.2906,80.6337
2023-11-24,36.7,74,0.4,7.0,1013.3,10.5,7.2906,80.6337
2023-11-25,35.8,74,0.9,3.7,1010.8,9.2,7.2906,80.6337
2023-11-26,26.4,60,1.4,14.9,1003.7,8.1,7.2906,80.6337
2023-11-27,32.0,60,7.0,18.1,1012.1,5.9,7.2906,80.6337
2023-11-28,21.5,84,0.7,14.8,1015.5,7.4,7.2906,80.6337
2023-11-29,28.2,56,1.9,9.5,997.7,12.4,7.2906,80.6337
2023-11-30,31.7,57,0.5,1.7,1017.4,14.7,7.2906,80.6337
2023-12-01,21.7,51,0.8,2.3,1021.9,13.4,7.2906,80.6337
2023-12-02,29.2,51,1.4,15.6,1016.3,12.0,7.2906,80.6337
2023-12-03,18.9,68,1.2,5.6,1042.1,6.7,7.2906,80.6337
2023-12-04,24.3,66,0.0,14.7,991.9,10.1,7.2906,80.6337
2023-12-05,25.3,85,2.1,16.2,1014.1,10.9,7.2906,80.6337
2023-12-06,27.4,67,0.2,4.1,1001.6,14.6,7.2906,80.6337
2023-12-07,34.5,65,1.6,15.7,1006.4,10.4,7.2906,80.6337
2023-12-08,36.5,74,1.4,7.0,1016.7,10.2,7.2906,80.6337
2023-12-09,17.6,89,1.0,17.5,1002.4,7.2,7.2906,80.6337
2023-12-10,33.4,84,1.4,14.3,1025.7,7.6,7.2906,80.6337
2023-12-11,30.8,80,1.5,2.1,1006.5,14.5,7.2906,80.6337
2023-12-12,26.6,57,0.3,18.7,1006.8,8.7,7.2906,80.6337
2023-12-13,27.3,84,1.7,8.1,1024.8,11.9,7.2906,80.6337
2023-12-14,25.1,68,1.5,18.5,1002.6,12.4,7.2906,80.6337
2023-12-15,25.9,78,2.2,2.7,1011.0,8.1,7.2906,80.6337
2023-12-16,32.4,51,1.6,7.0,1020.1,10.7,7.2906,80.6337
2023-12-17,32.4,52,2.0,17.5,1015.4,6.6,7.2906,80.6337
2023-12-18,25.1,89,6.7,15.1,1006.4,7.1,7.2906,80.6337
2023-12-19,24.3,75,1.3,9.7,1014.6,9.2,7.2906,80.6337
2023-12-20,24.8,87,1.7,17.6,1031.3,7.3,7.2906,80.6337
2023-12-21,31.0,80,1.6,17.4,1014.0,8.4,7.2906,80.6337
2023-12-22,26.7,74,8.7,16.2,1002.3,6.6,7.2906,80.6337
2023-12-23,20.9,52,2.9,9.0,996.9,10.1,7.2906,80.6337
2023-12-24,21.7,79,3.2,3.5,1011.1,12.7,7.2906,80.6337
2023-12-25,30.3,84,6.8,13.2,1018.8,10.1,7.2906,80.6337
2023-12-26,30.9,83,0.5,8.8,1015.8,14.8,7.2906,80.6337
2023-12-27,22.8,86,3.9,17.1,1002.6,13.2,7.2906,80.6337
2023-12-28,20.5,85,0.4,3.2,994.8,5.2,7.2906,80.6337
2023-12-29,24.1,68,1.9,16.9,1013.1,7.5,7.2906,80.6337
2023-12-30,24.0,53,0.3,5.2,1011.3,7.3,7.2906,80.6337
2023-12-31,24.2,53,0.1,13.3,1003.1,8.0,7.2906,80.6337
2024-01-01,29.4,83,0.0,6.1,1006.7,9.9,7.2906,80.6337
2024-01-02,24.3,53,0.4,10.1,1021.4,7.6,7.2906,80.6337
2024-01-03,29.4,83,5.1,8.7,999.4,6.4,7.2906,80.6337
2024-01-04,32.2,59,1.0,11.9,1000.8,14.4,7.2906,80.6337
2024-01-05,36.2,68,0.7,18.5,1022.0,12.6,7.2906,80.6337
2024-01-06,29.3,54,0.3,12.4,1006.9,8.0,7.2906,80.6337
2024-01-07,29.9,84,3.9,2.9,989.5,12.8,7.2906,80.6337
2024-01-08,25.5,50,3.6,3.8,1007.4,6.2,7.2906,80.6337
2024-01-09,25.8,70,0.9,17.5,1015.3,14.9,7.2906,80.6337
2024-01-10,26.0,54,2.1,13.3,1015.5,8.3,7.2906,80.6337
2024-01-11,32.9,77,1.0,10.4,995.4,13.2,7.2906,80.6337
2024-01-12,19.5,74,0.1,11.9,1015.5,5.3,7.2906,80.6337
2024-01-13,26.1,57,0.8,6.1,1004.7,5.7,7.2906,80.6337
2024-01-14,27.9,50,5.6,10.9,1025.4,10.7,7.2906,80.6337
2024-01-15,26.2,54,0.2,18.3,1012.0,11.1,7.2906,80.6337
2024-01-16,30.4,59,1.4,2.2,1001.8,7.4,7.2906,80.6337
2024-01-17,25.6,57,3.7,0.7,994.2,8.4,7.2906,80.6337
2024-01-18,33.2,55,2.1,7.1,1014.4,12.7,7.2906,80.6337
2024-01-19,32.0,76,3.3,9.3,995.4,5.8,7.2906,80.6337
2024-01-20,27.5,57,1.5,2.5,990.9,10.4,7.2906,80.6337
2024-01-21,30.0,87,2.4,11.7,1000.3,14.7,7.2906,80.6337
2024-01-22,32.3,83,1.5,3.3,995.7,6.0,7.2906,80.6337
2024-01-23,21.8,77,8.3,5.3,995.9,14.2,7.2906,80.6337
2024-01-24,25.9,75,3.6,17.0,1031.3,12.1,7.2906,80.6337
2024-01-25,27.3,50,5.5,9.7,1000.5,6.4,7.2906,80.6337
2024-01-26,28.9,67,0.4,2.3,1026.5,10.4,7.2906,80.6337
2024-01-27,25.7,60,5.0,11.1,1026.4,5.3,7.2906,80.6337
2024-01-28,27.4,88,3.3,14.7,1005.4,12.9,7.2906,80.6337
2024-01-29,36.1,74,3.4,7.7,1005.2,12.3,7.2906,80.6337
2024-01-30,32.4,57,3.6,7.6,1030.2,12.0,7.2906,80.6337
2024-01-31,25.4,67,2.3,4.5,1018.1,9.8,7.2906,80.6337
2024-02-01,31.7,69,7.4,12.4,1004.8,12.1,7.2906,80.6337
2024-02-02,28.8,64,3.1,16.6,1024.1,5.9,7.2906,80.6337
2024-02-03,30.8,69,2.5,13.2,1001.1,5.9,7.2906,80.6337
2024-02-04,20.9,70,5.1,2.8,1034.8,9.2,7.2906,80.6337
2024-02-05,33.9,71,0.6,17.3,995.8,8.1,7.2906,80.6337
2024-02-06,19.4,71,0.9,9.3,1015.4,6.5,7.2906,80.6337
2024-02-07,27.6,86,2.5,9.5,1025.8,8.5,7.2906,80.6337
2024-02-08,29.3,61,0.7,2.3,1002.2,6.8,7.2906,80.6337
2024-02-09,23.1,50,2.1,16.5,1007.1,10.6,7.2906,80.6337
2024-02-10,19.9,74,3.9,14.8,1011.4,9.8,7.2906,80.6337
2024-02-11,31.8,57,0.0,14.9,1015.6,8.3,7.2906,80.6337
2024-02-12,35.9,84,3.6,0.2,1001.0,11.6,7.2906,80.6337
2024-02-13,26.5,67,1.6,5.9,991.7,12.9,7.2906,80.6337
2024-02-14,31.8,63,0.8,18.7,1013.1,11.1,7.2906,80.6337
2024-02-15,29.4,52,1.2,11.3,1010.3,12.0,7.2906,80.6337
2024-02-16,30.6,51,0.4,9.0,1000.0,13.0,7.2906,80.6337
2024-02-17,28.6,53,2.6,18.1,1014.2,5.7,7.2906,80.6337
2024-02-18,28.9,50,5.8,2.8,1008.6,7.7,7.2906,80.6337
2024-02-19,24.9,55,0.0,4.2,1007.8,9.6,7.2906,80.6337
2024-02-20,28.5,52,0.1,10.4,1012.9,5.8,7.2906,80.6337
2024-02-21,28.8,60,4.6,14.9,1011.6,10.4,7.2906,80.6337
2024-02-22,23.7,53,1.3,10.5,1016.6,7.5,7.2906,80.6337
2024-02-23,27.7,83,0.1,15.4,1020.1,11.9,7.2906,80.6337
2024-02-24,32.9,55,0.6,2.8,1016.0,8.3,7.2906,80.6337
2024-02-25,37.5,65,2.1,8.8,1003.5,9.5,7.2906,80.6337
2024-02-26,29.1,62,3.5,17.2,1004.1,10.4,7.2906,80.6337
2024-02-27,29.1,82,7.3,14.5,999.3,5.6,7.2906,80.6337
2024-02-28,34.8,67,2.6,3.0,1020.4,12.6,7.2906,80.6337
2024-02-29,29.5,84,3.9,12.8,1012.4,6.0,7.2906,80.6337
2024-03-01,22.5,88,3.0,5.4,1025.0,13.8,7.2906,80.6337
2024-03-02,24.2,88,3.2,19.8,1023.6,14.5,7.2906,80.6337
2024-03-03,21.5,64,0.3,8.1,1011.7,13.9,7.2906,80.6337
2024-03-04,23.2,76,1.1,0.1,1008.1,14.9,7.2906,80.6337
2024-03-05,25.0,64,2.6,18.5,1018.7,14.6,7.2906,80.6337
2024-03-06,25.5,60,1.0,5.6,1008.9,12.1,7.2906,80.6337
2024-03-07,25.1,84,1.6,0.8,1007.0,9.5,7.2906,80.6337
2024-03-08,28.5,56,0.4,7.6,1002.4,9.4,7.2906,80.6337
2024-03-09,26.8,61,0.3,7.8,1014.3,12.4,7.2906,80.6337
2024-03-10,28.2,82,0.4,15.9,1016.3,14.3,7.2906,80.6337
2024-03-11,28.2,72,0.0,8.4,1003.9,11.4,7.2906,80.6337
2024-03-12,32.3,67,1.5,13.8,1013.2,7.5,7.2906,80.6337
2024-03-13,24.1,71,2.9,4.3,1011.0,12.7,7.2906,80.6337
2024-03-14,22.2,74,1.7,0.3,1002.7,12.9,7.2906,80.6337
2024-03-15,30.6,64,0.1,3.5,1011.1,9.1,7.2906,80.6337
2024-03-16,25.8,63,1.3,8.6,1018.4,12.0,7.2906,80.6337
2024-03-17,35.8,57,1.7,13.1,1005.5,7.2,7.2906,80.6337
2024-03-18,26.9,81,1.1,9.4,1016.4,7.6,7.2906,80.6337
2024-03-19,27.5,50,0.4,13.3,1022.1,8.6,7.2906,80.6337
2024-03-20,29.5,83,0.1,5.0,1015.8,8.2,7.2906,80.6337
2024-03-21,19.9,72,4.3,15.6,1003.0,10.5,7.2906,80.6337
2024-03-22,22.0,66,4.3,18.6,1008.9,8.1,7.2906,80.6337
2024-03-23,14.5,79,0.2,8.9,1025.0,11.8,7.2906,80.6337
2024-03-24,24.1,55,5.0,10.5,993.5,5.2,7.2906,80.6337
2024-03-25,30.5,57,4.1,2.6,1024.6,13.0,7.2906,80.6337
2024-03-26,28.7,50,6.6,19.4,994.9,13.9,7.2906,80.6337
2024-03-27,32.2,79,0.4,6.3,1004.5,9.2,7.2906,80.6337
2024-03-28,24.9,51,1.9,8.5,1026.9,10.0,7.2906,80.6337
2024-03-29,24.3,57,2.1,4.9,995.8,9.8,7.2906,80.6337
2024-03-30,35.9,56,1.9,10.6,1011.9,11.5,7.2906,80.6337
2024-03-31,32.1,88,2.2,8.0,1008.7,7.1,7.2906,80.6337
2024-04-01,31.3,84,0.3,10.9,996.7,7.4,7.2906,80.6337
2024-04-02,30.3,84,1.1,13.7,1015.4,14.1,7.2906,80.6337
2024-04-03,31.0,79,0.9,6.7,1017.6,13.3,7.2906,80.6337
2024-04-04,35.2,89,2.4,13.4,1003.2,9.7,7.2906,80.6337
2024-04-05,28.3,85,5.8,7.7,1005.3,5.9,7.2906,80.6337
2024-04-06,25.4,72,1.6,1.9,1006.7,9.2,7.2906,80.6337
2024-04-07,19.5,61,4.4,9.1,999.0,9.3,7.2906,80.6337
2024-04-08,27.7,86,2.3,0.8,1024.3,14.7,7.2906,80.6337
2024-04-09,34.1,64,3.5,3.9,1015.3,9.5,7.2906,80.6337
2024-04-10,34.1,72,1.7,17.7,1014.4,10.8,7.2906,80.6337
2024-04-11,21.8,62,1.4,0.5,1010.5,11.6,7.2906,80.6337
2024-04-12,32.5,54,0.2,10.5,1011.2,14.2,7.2906,80.6337
2024-04-13,27.2,70,6.7,3.5,1026.8,7.0,7.2906,80.6337
2024-04-14,18.3,74,2.5,0.9,1005.0,13.4,7.2906,80.6337
2024-04-15,22.5,52,8.0,2.7,1009.8,7.9,7.2906,80.6337
2024-04-16,26.9,62,1.4,3.8,1004.2,6.1,7.2906,80.6337
2024-04-17,32.4,73,2.8,17.6,1015.4,7.1,7.2906,80.6337
2024-04-18,32.6,59,1.7,12.2,1011.0,12.3,7.2906,80.6337
2024-04-19,21.6,86,0.3,2.5,994.9,7.3,7.2906,80.6337
2024-04-20,32.3,84,0.2,6.9,1009.6,14.0,7.2906,80.6337
2024-04-21,26.2,60,0.2,2.8,1005.8,8.3,7.2906,80.6337
2024-04-22,33.9,69,3.8,14.9,1018.0,8.8,7.2906,80.6337
2024-04-23,29.9,57,3.1,12.4,1004.2,14.5,7.2906,80.6337
2024-04-24,32.2,51,2.0,1.1,1003.7,10.6,7.2906,80.6337
2024-04-25,26.1,75,0.8,12.5,1001.4,14.3,7.2906,80.6337
2024-04-26,25.2,77,4.3,13.9,1017.1,14.4,7.2906,80.6337
2024-04-27,26.1,65,8.8,5.7,995.4,6.1,7.2906,80.6337
2024-04-28,27.8,67,2.4,8.9,994.8,13.5,7.2906,80.6337
2024-04-29,22.9,81,4.1,19.6,1015.9,8.7,7.2906,80.6337
2024-04-30,34.2,54,0.2,10.8,1004.3,5.6,7.2906,80.6337
2024-05-01,31.7,75,1.8,3.1,1005.8,12.4,7.2906,80.6337
2024-05-02,25.2,73,1.2,0.9,1010.4,14.8,7.2906,80.6337
2024-05-03,11.7,56,2.0,7.2,1011.5,9.0,7.2906,80.6337
2024-05-04,40.8,89,1.5,15.1,1028.9,12.3,7.2906,80.6337
2024-05-05,27.1,67,2.6,9.5,1013.0,7.9,7.2906,80.6337
2024-05-06,30.0,68,0.3,6.5,1022.4,9.5,7.2906,80.6337
2024-05-07,18.3,57,7.0,19.7,1012.2,8.6,7.2906,80.6337
2024-05-08,25.6,69,0.9,18.6,1013.3,7.9,7.2906,80.6337
2024-05-09,27.7,50,2.6,17.4,997.7,9.5,7.2906,80.6337
2024-05-10,33.4,72,2.6,14.4,993.0,9.7,7.2906,80.6337
2024-05-11,26.0,73,1.2,2.3,1015.6,12.0,7.2906,80.6337
2024-05-12,31.5,72,0.2,3.5,1011.2,14.2,7.2906,80.6337
2024-05-13,36.7,88,0.6,11.7,1017.6,13.7,7.2906,80.6337
2024-05-14,30.2,80,11.5,0.4,1003.8,12.6,7.2906,80.6337
2024-05-15,33.4,82,1.2,7.7,1021.2,5.9,7.2906,80.6337
2024-05-16,32.8,73,0.6,5.6,1002.5,6.1,7.2906,80.6337
2024-05-17,28.0,89,0.2,2.3,1009.9,12.7,7.2906,80.6337
2024-05-18,25.4,72,1.0,9.4,1012.7,10.9,7.2906,80.6337
2024-05-19,26.9,65,6.8,18.4,1009.6,8.8,7.2906,80.6337
2024-05-20,28.6,64,6.4,6.7,1003.4,6.7,7.2906,80.6337
2024-05-21,30.8,72,1.5,8.7,1004.0,14.1,7.2906,80.6337
2024-05-22,27.4,79,0.4,1.1,1017.7,9.9,7.2906,80.6337
2024-05-23,33.7,57,0.6,6.5,1014.2,14.9,7.2906,80.6337
2024-05-24,18.6,70,1.0,16.0,1012.7,9.2,7.2906,80.6337
2024-05-25,32.0,86,1.5,7.8,999.5,5.5,7.2906,80.6337
2024-05-26,26.6,77,0.8,6.3,1026.6,11.3,7.2906,80.6337
2024-05-27,23.5,68,3.0,8.9,1000.3,7.1,7.2906,80.6337
2024-05-28,29.5,74,3.9,10.4,1001.5,10.7,7.2906,80.6337
2024-05-29,23.4,88,1.5,5.7,991.6,10.4,7.2906,80.6337
2024-05-30,36.3,77,0.2,12.9,1008.3,9.7,7.2906,80.6337
2024-05-31,26.3,56,1.3,0.1,1031.7,6.8,7.2906,80.6337
2024-06-01,28.5,64,0.7,18.0,1007.1,8.0,7.2906,80.6337
2024-06-02,28.2,58,3.3,3.2,1001.1,8.7,7.2906,80.6337
2024-06-03,27.7,54,1.2,9.2,1005.5,12.8,7.2906,80.6337
2024-06-04,18.2,51,0.1,1.7,1001.2,14.8,7.2906,80.6337
2024-06-05,27.6,78,2.7,6.8,1023.9,12.0,7.2906,80.6337
2024-06-06,20.7,63,0.0,16.8,1042.2,11.2,7.2906,80.6337
2024-06-07,26.1,76,0.1,14.4,1012.5,8.0,7.2906,80.6337
2024-06-08,37.6,77,0.3,2.6,1024.0,10.1,7.2906,80.6337
2024-06-09,25.0,79,0.5,9.1,1014.1,12.7,7.2906,80.6337
2024-06-10,21.7,66,0.4,1.0,1005.7,7.5,7.2906,80.6337
2024-06-11,32.3,88,0.5,13.0,1018.1,14.5,7.2906,80.6337
2024-06-12,29.3,64,0.0,6.1,1017.5,14.4,7.2906,80.6337
2024-06-13,30.2,75,0.1,3.5,1024.5,5.8,7.2906,80.6337
2024-06-14,26.1,88,0.3,9.6,1023.2,5.1,7.2906,80.6337
2024-06-15,30.5,79,1.6,3.0,998.2,5.9,7.2906,80.6337
2024-06-16,23.9,75,3.1,12.7,1025.7,8.8,7.2906,80.6337
2024-06-17,32.0,66,1.4,16.5,1017.6,10.0,7.2906,80.6337
2024-06-18,31.2,80,1.3,12.0,1006.1,6.4,7.2906,80.6337
2024-06-19,33.9,83,0.0,14.9,1026.7,11.6,7.2906,80.6337
2024-06-20,24.5,60,3.1,9.2,1015.6,7.8,7.2906,80.6337
2024-06-21,28.9,58,0.1,16.8,1007.5,13.3,7.2906,80.6337
2024-06-22,25.5,58,1.9,8.8,1002.1,13.1,7.2906,80.6337
2024-06-23,19.5,60,3.2,19.3,1013.2,6.8,7.2906,80.6337
2024-06-24,18.2,85,0.3,6.4,1004.5,6.0,7.2906,80.6337
2024-06-25,31.8,71,3.4,3.0,998.9,5.4,7.2906,80.6337
2024-06-26,17.5,64,2.7,4.2,1009.4,7.5,7.2906,80.6337
2024-06-27,28.6,83,1.4,15.2,998.3,5.9,7.2906,80.6337
2024-06-28,24.2,63,4.6,17.2,1003.5,12.6,7.2906,80.6337
2024-06-29,19.6,64,0.3,14.3,1002.5,9.9,7.2906,80.6337
2024-06-30,27.9,61,3.9,17.7,1015.8,9.4,7.2906,80.6337
2024-07-01,22.3,83,1.7,8.3,1017.8,8.7,7.2906,80.6337
2024-07-02,15.1,70,0.4,9.0,1028.2,6.6,7.2906,80.6337
2024-07-03,31.5,89,1.2,6.5,1005.7,14.2,7.2906,80.6337
2024-07-04,30.4,85,1.2,11.4,1012.0,13.0,7.2906,80.6337
2024-07-05,30.0,50,1.0,18.7,1011.9,7.4,7.2906,80.6337
2024-07-06,19.6,54,0.5,11.1,1012.2,9.5,7.2906,80.6337
2024-07-07,32.2,70,0.2,18.8,997.7,14.6,7.2906,80.6337
2024-07-08,34.7,86,4.5,10.8,1017.9,10.7,7.2906,80.6337
2024-07-09,26.6,51,3.9,16.6,997.4,9.5,7.2906,80.6337
2024-07-10,38.0,69,5.7,2.6,1023.9,5.4,7.2906,80.6337
2024-07-11,31.9,76,0.3,12.8,1013.3,9.3,7.2906,80.6337
2024-07-12,32.8,70,5.5,2.6,1012.5,9.6,7.2906,80.6337
2024-07-13,33.6,53,0.8,16.6,1009.3,14.4,7.2906,80.6337
2024-07-14,32.3,82,0.8,0.7,1011.1,10.7,7.2906,80.6337
2024-07-15,27.7,88,0.2,14.5,1022.9,9.2,7.2906,80.6337
2024-07-16,32.8,75,1.3,11.4,1011.4,10.9,7.2906,80.6337
2024-07-17,33.5,84,4.2,8.7,1006.4,11.3,7.2906,80.6337
2024-07-18,30.3,73,0.1,14.4,1006.4,14.5,7.2906,80.6337
2024-07-19,19.3,51,2.8,16.9,1008.7,10.4,7.2906,80.6337
2024-07-20,22.7,53,1.8,2.9,1015.9,11.5,7.2906,80.6337
2024-07-21,23.1,88,2.9,8.3,1014.5,7.0,7.2906,80.6337
2024-07-22,17.5,66,1.2,19.6,1005.2,8.4,7.2906,80.6337
2024-07-23,26.0,59,0.6,5.4,1007.7,11.4,7.2906,80.6337
2024-07-24,21.9,84,2.1,4.4,1017.3,7.1,7.2906,80.6337
2024-07-25,23.1,67,0.1,4.1,1003.3,8.5,7.2906,80.6337
2024-07-26,29.9,72,2.0,15.7,1002.4,7.5,7.2906,80.6337
2024-07-27,28.2,83,0.7,14.0,1020.6,11.7,7.2906,80.6337
2024-07-28,28.4,70,0.1,5.8,1008.9,12.8,7.2906,80.6337
2024-07-29,22.4,56,0.5,9.0,994.1,12.8,7.2906,80.6337
2024-07-30,36.3,54,2.8,0.0,996.3,14.3,7.2906,80.6337
2024-07-31,33.2,57,1.4,12.0,1023.8,7.0,7.2906,80.6337
2024-08-01,27.2,61,3.5,14.2,1009.5,13.6,7.2906,80.6337
2024-08-02,29.9,75,2.0,5.9,1010.1,14.2,7.2906,80.6337
2024-08-03,37.0,76,3.8,10.1,998.6,12.2,7.2906,80.6337
2024-08-04,31.7,67,4.2,4.9,1014.8,11.4,7.2906,80.6337
2024-08-05,35.8,68,0.1,12.6,1011.0,12.8,7.2906,80.6337
2024-08-06,23.9,71,1.0,6.4,1006.0,5.2,7.2906,80.6337
2024-08-07,24.3,81,0.4,2.8,1009.0,12.5,7.2906,80.6337
2024-08-08,35.7,78,2.4,13.4,1005.4,13.7,7.2906,80.6337
2024-08-09,34.5,85,0.7,14.4,1006.0,13.2,7.2906,80.6337
2024-08-10,30.4,67,0.9,4.1,1021.9,6.6,7.2906,80.6337
2024-08-11,29.9,89,2.7,16.7,1011.7,12.4,7.2906,80.6337
2024-08-12,27.2,53,3.5,13.4,1001.6,9.7,7.2906,80.6337
2024-08-13,30.4,53,0.1,9.8,1007.8,5.8,7.2906,80.6337
2024-08-14,22.4,64,0.0,0.2,1013.8,7.5,7.2906,80.6337
2024-08-15,23.6,68,0.9,15.9,1031.8,9.2,7.2906,80.6337
2024-08-16,27.4,74,4.3,0.1,988.5,7.9,7.2906,80.6337
2024-08-17,23.3,88,1.6,8.0,1007.0,10.1,7.2906,80.6337
2024-08-18,27.2,85,2.8,19.3,1004.5,8.9,7.2906,80.6337
2024-08-19,34.7,85,0.6,12.2,1029.8,6.2,7.2906,80.6337
2024-08-20,19.4,80,1.6,5.1,997.0,14.4,7.2906,80.6337
2024-08-21,26.9,79,0.4,9.2,1010.0,11.4,7.2906,80.6337
2024-08-22,26.0,80,1.4,3.6,1017.3,10.3,7.2906,80.6337
2024-08-23,26.9,72,0.9,16.1,1007.5,10.7,7.2906,80.6337
2024-08-24,24.2,55,0.5,10.2,1015.4,8.0,7.2906,80.6337
2024-08-25,25.9,51,5.6,17.6,1009.3,6.8,7.2906,80.6337
2024-08-26,30.4,51,2.3,15.0,1014.5,9.9,7.2906,80.6337
2024-08-27,30.9,70,0.3,18.0,1015.6,12.9,7.2906,80.6337
2024-08-28,27.7,75,0.1,13.5,1019.6,6.2,7.2906,80.6337
2024-08-29,24.7,63,3.9,15.8,1020.4,12.8,7.2906,80.6337
2024-08-30,37.3,75,0.1,7.8,996.5,13.7,7.2906,80.6337
2024-08-31,21.3,79,1.7,18.7,1002.1,5.9,7.2906,80.6337
2024-09-01,23.1,80,5.0,16.3,991.1,8.9,7.2906,80.6337
2024-09-02,26.2,63,0.4,15.3,1032.9,10.8,7.2906,80.6337
2024-09-03,33.6,88,0.3,16.3,1019.2,9.0,7.2906,80.6337
2024-09-04,19.8,87,3.0,6.5,995.6,9.9,7.2906,80.6337
2024-09-05,26.6,86,0.2,4.7,1004.8,9.8,7.2906,80.6337
2024-09-06,30.1,80,0.7,13.4,1007.9,11.1,7.2906,80.6337
2024-09-07,24.3,69,0.4,6.4,1005.8,8.6,7.2906,80.6337
2024-09-08,29.8,54,1.9,6.6,1016.6,12.3,7.2906,80.6337
2024-09-09,34.3,66,2.8,11.1,1017.9,13.4,7.2906,80.6337
2024-09-10,35.8,72,1.7,7.5,1003.6,11.3,7.2906,80.6337
2024-09-11,31.9,82,0.8,11.6,1009.6,9.1,7.2906,80.6337
2024-09-12,25.2,87,3.1,9.5,1010.5,11.3,7.2906,80.6337
2024-09-13,29.8,85,0.4,5.6,1014.2,7.9,7.2906,80.6337
2024-09-14,29.7,82,0.6,10.3,1011.9,11.0,7.2906,80.6337
2024-09-15,32.9,53,1.7,5.4,996.5,7.6,7.2906,80.6337
2024-09-16,26.5,79,0.1,13.2,1012.4,9.1,7.2906,80.6337
2024-09-17,25.1,67,0.4,7.9,1015.6,5.8,7.2906,80.6337
2024-09-18,30.2,88,0.9,11.2,1002.7,10.0,7.2906,80.6337
2024-09-19,24.3,68,1.0,16.2,1021.7,12.1,7.2906,80.6337
2024-09-20,27.5,79,3.9,17.3,1015.4,14.1,7.2906,80.6337
2024-09-21,34.2,70,0.7,2.9,1011.7,8.2,7.2906,80.6337
2024-09-22,26.7,82,1.6,9.9,1004.4,11.2,7.2906,80.6337
2024-09-23,30.2,51,0.8,7.4,1010.0,10.8,7.2906,80.6337
2024-09-24,28.3,79,0.9,4.3,1007.5,5.9,7.2906,80.6337
2024-09-25,25.9,75,0.4,8.5,1007.2,13.4,7.2906,80.6337
2024-09-26,22.1,50,2.2,4.8,1015.7,9.1,7.2906,80.6337
2024-09-27,22.6,78,4.0,14.5,987.1,6.9,7.2906,80.6337
2024-09-28,23.1,59,1.8,18.1,1003.2,6.2,7.2906,80.6337
2024-09-29,18.9,57,1.0,18.9,1000.2,13.5,7.2906,80.6337
2024-09-30,25.4,79,0.2,15.0,1021.5,6.1,7.2906,80.6337
2024-10-01,28.7,64,6.9,13.2,1022.8,13.2,7.2906,80.6337
2024-10-02,32.5,81,0.8,14.5,1018.2,12.1,7.2906,80.6337
2024-10-03,28.3,59,1.4,14.9,1006.4,13.8,7.2906,80.6337
2024-10-04,26.8,55,4.8,1.6,1007.0,13.5,7.2906,80.6337
2024-10-05,23.1,76,0.3,9.7,1014.0,7.1,7.2906,80.6337
2024-10-06,32.3,56,8.2,0.4,997.0,9.7,7.2906,80.6337
2024-10-07,29.8,79,0.2,1.9,1015.1,8.7,7.2906,80.6337
2024-10-08,32.5,56,9.4,3.4,1013.6,12.9,7.2906,80.6337
2024-10-09,36.5,82,4.9,7.2,1021.5,10.4,7.2906,80.6337
2024-10-10,32.6,50,0.3,5.0,1015.7,9.4,7.2906,80.6337
2024-10-11,26.7,53,0.6,7.7,999.4,6.7,7.2906,80.6337
2024-10-12,32.0,62,2.1,10.4,1023.1,12.5,7.2906,80.6337
2024-10-13,32.3,61,2.0,17.6,1008.8,8.9,7.2906,80.6337
2024-10-14,36.1,70,3.5,14.9,1006.1,14.5,7.2906,80.6337
2024-10-15,18.3,64,0.5,2.0,1001.4,5.6,7.2906,80.6337
2024-10-16,22.6,84,0.4,8.5,1006.2,7.3,7.2906,80.6337
2024-10-17,29.4,62,0.1,13.6,995.3,6.1,7.2906,80.6337
2024-10-18,25.9,63,1.7,13.2,1008.7,9.7,7.2906,80.6337
2024-10-19,29.1,60,4.2,8.5,1020.4,13.6,7.2906,80.6337
2024-10-20,35.7,78,0.8,18.0,1004.6,11.1,7.2906,80.6337
2024-10-21,26.3,72,1.2,16.8,1010.3,10.8,7.2906,80.6337
2024-10-22,30.2,82,2.0,2.4,1013.2,14.5,7.2906,80.6337
2024-10-23,27.3,53,1.7,18.5,1010.0,13.2,7.2906,80.6337
2024-10-24,29.1,81,2.6,9.5,1024.6,6.7,7.2906,80.6337
2024-10-25,34.0,86,2.6,16.0,1009.7,5.9,7.2906,80.6337
2024-10-26,25.8,85,3.7,15.8,1008.2,14.5,7.2906,80.6337
2024-10-27,31.9,59,1.6,2.6,1023.8,7.7,7.2906,80.6337
2024-10-28,30.1,65,1.9,10.4,1026.1,7.8,7.2906,80.6337
2024-10-29,25.8,82,0.5,4.7,1008.3,12.1,7.2906,80.6337
2024-10-30,29.0,82,0.5,6.9,1011.7,13.9,7.2906,80.6337
2024-10-31,24.8,65,0.0,13.9,993.1,10.1,7.2906,80.6337
2024-11-01,30.0,55,0.5,13.4,1015.4,10.9,7.2906,80.6337
2024-11-02,32.8,64,6.0,16.6,1007.0,8.6,7.2906,80.6337
2024-11-03,28.6,76,1.1,14.7,1020.0,12.7,7.2906,80.6337
2024-11-04,31.3,54,3.3,3.4,1019.9,8.5,7.2906,80.6337
2024-11-05,33.5,50,1.1,8.1,1011.7,11.7,7.2906,80.6337
2024-11-06,33.3,69,3.2,13.6,1035.1,8.6,7.2906,80.6337
2024-11-07,32.5,76,0.9,7.4,1012.2,5.1,7.2906,80.6337
2024-11-08,32.3,60,1.6,2.9,1000.7,9.8,7.2906,80.6337
2024-11-09,24.5,58,3.2,5.8,999.9,6.7,7.2906,80.6337
2024-11-10,31.1,64,0.6,13.1,1016.3,5.8,7.2906,80.6337
2024-11-11,24.7,84,0.3,5.3,989.7,8.7,7.2906,80.6337
2024-11-12,25.9,62,4.1,10.1,997.7,13.5,7.2906,80.6337
2024-11-13,26.5,89,6.5,3.8,999.7,8.5,7.2906,80.6337
2024-11-14,27.4,88,2.8,4.6,1019.2,6.3,7.2906,80.6337
2024-11-15,19.0,59,2.2,15.4,1008.4,9.9,7.2906,80.6337
2024-11-16,27.4,59,1.2,12.0,1025.8,12.0,7.2906,80.6337
2024-11-17,31.1,83,5.3,10.3,997.5,13.2,7.2906,80.6337
2024-11-18,19.7,88,7.0,19.3,981.5,10.7,7.2906,80.6337
2024-11-19,26.3,52,0.9,6.1,1027.8,12.9,7.2906,80.6337
2024-11-20,25.0,78,2.0,12.9,1004.4,9.3,7.2906,80.6337
2024-11-21,19.4,52,7.4,5.0,1004.3,9.9,7.2906,80.6337
2024-11-22,31.0,66,2.3,15.4,1009.2,12.1,7.2906,80.6337
2024-11-23,29.5,61,0.6,10.9,1025.7,11.6,7.2906,80.6337
2024-11-24,35.2,79,2.8,12.7,990.9,13.4,7.2906,80.6337
2024-11-25,25.9,86,2.8,8.8,1015.8,5.9,7.2906,80.6337
2024-11-26,32.9,73,3.5,10.0,1000.4,12.0,7.2906,80.6337
2024-11-27,34.3,84,0.2,15.8,1017.2,7.9,7.2906,80.6337
2024-11-28,31.8,50,0.5,18.7,1023.3,6.4,7.2906,80.6337
2024-11-29,25.1,57,2.8,0.2,1001.2,8.0,7.2906,80.6337
2024-11-30,25.8,70,2.5,17.5,1007.5,5.1,7.2906,80.6337
2024-12-01,31.8,57,1.0,1.6,1007.2,11.9,7.2906,80.6337
2024-12-02,27.2,73,0.8,14.3,1011.0,13.2,7.2906,80.6337
2024-12-03,32.4,76,2.7,16.7,1017.8,6.6,7.2906,80.6337
2024-12-04,26.1,60,0.7,3.5,1016.5,13.7,7.2906,80.6337
2024-12-05,27.3,58,1.4,19.0,1002.7,10.4,7.2906,80.6337
2024-12-06,29.0,53,1.5,16.2,1006.3,14.1,7.2906,80.6337
2024-12-07,22.7,58,13.3,1.7,1022.1,12.3,7.2906,80.6337
2024-12-08,13.2,60,0.9,9.1,1013.5,12.5,7.2906,80.6337
2024-12-09,27.4,71,0.9,9.3,1014.0,8.7,7.2906,80.6337
2024-12-10,43.9,89,4.0,12.6,1001.0,6.7,7.2906,80.6337
2024-12-11,33.5,87,0.3,15.6,1009.5,11.8,7.2906,80.6337
2024-12-12,24.9,60,0.4,5.9,1011.1,8.1,7.2906,80.6337
2024-12-13,32.2,74,2.1,9.8,1010.5,6.7,7.2906,80.6337
2024-12-14,22.8,63,4.4,7.9,992.4,12.1,7.2906,80.6337
2024-12-15,26.3,75,0.4,19.1,990.5,12.6,7.2906,80.6337
2024-12-16,25.8,77,6.6,13.9,1012.1,6.9,7.2906,80.6337
2024-12-17,29.5,71,0.4,9.1,981.7,13.3,7.2906,80.6337
2024-12-18,32.3,58,1.5,5.7,1001.7,11.1,7.2906,80.6337
2024-12-19,26.0,60,0.3,0.6,1020.5,5.4,7.2906,80.6337
2024-12-20,22.6,64,1.0,6.5,1014.2,10.4,7.2906,80.6337
2024-12-21,27.9,78,3.1,6.7,1013.6,5.0,7.2906,80.6337
2024-12-22,18.4,52,9.0,16.0,1005.5,10.4,7.2906,80.6337
2024-12-23,34.7,73,3.8,1.7,1004.5,11.8,7.2906,80.6337
2024-12-24,27.9,68,0.8,14.6,1000.5,6.9,7.2906,80.6337
2024-12-25,27.5,83,0.2,17.2,998.3,6.3,7.2906,80.6337
2024-12-26,26.8,59,6.4,11.3,1002.2,14.7,7.2906,80.6337
2024-12-27,35.3,59,1.7,13.3,1017.0,9.7,7.2906,80.6337
2024-12-28,21.0,61,0.4,19.7,1015.5,11.3,7.2906,80.6337
2024-12-29,27.6,70,0.2,2.5,1006.1,10.7,7.2906,80.6337
2024-12-30,19.0,89,0.9,9.1,1016.7,8.7,7.2906,80.6337
2024-12-31,20.9,70,0.5,9.2,1007.0,14.3,7.2906,80.6337
2025-01-01,27.5,83,3.0,16.4,990.8,13.1,7.2906,80.6337
2025-01-02,25.7,62,0.1,1.3,1026.1,8.5,7.2906,80.6337
2025-01-03,30.6,73,1.0,16.8,1022.3,5.8,7.2906,80.6337
2025-01-04,33.9,79,0.8,2.5,1011.3,7.8,7.2906,80.6337
2025-01-05,21.1,73,14.3,10.5,1007.3,10.3,7.2906,80.6337
2025-01-06,18.4,74,0.6,17.2,1019.1,7.1,7.2906,80.6337
2025-01-07,30.0,89,1.3,12.0,1006.2,10.5,7.2906,80.6337
2025-01-08,28.6,81,0.7,13.0,1019.8,14.1,7.2906,80.6337
2025-01-09,29.6,50,2.2,7.9,1030.2,9.1,7.2906,80.6337
2025-01-10,34.7,58,2.1,11.5,1009.1,11.2,7.2906,80.6337
2025-01-11,23.5,54,2.8,0.6,1011.0,12.3,7.2906,80.6337
2025-01-12,30.8,87,0.2,7.2,1021.1,5.2,7.2906,80.6337
2025-01-13,23.0,52,0.2,12.3,996.2,13.9,7.2906,80.6337
2025-01-14,30.9,72,3.3,13.4,1016.9,7.5,7.2906,80.6337
2025-01-15,30.5,68,2.1,6.5,1014.4,8.8,7.2906,80.6337
2025-01-16,28.6,55,0.1,16.9,1001.7,10.9,7.2906,80.6337
2025-01-17,25.9,59,0.4,19.6,1007.7,6.7,7.2906,80.6337
2025-01-18,24.1,63,0.3,14.9,1007.5,10.2,7.2906,80.6337
2025-01-19,24.2,77,2.6,13.2,1013.0,13.0,7.2906,80.6337
2025-01-20,35.2,56,3.3,3.0,1023.3,6.6,7.2906,80.6337
2025-01-21,22.6,54,6.7,0.1,995.1,7.2,7.2906,80.6337
2025-01-22,19.5,68,4.7,7.3,999.1,14.0,7.2906,80.6337
2025-01-23,21.8,87,5.6,3.1,996.5,8.3,7.2906,80.6337
2025-01-24,35.2,64,0.6,8.7,1012.4,5.0,7.2906,80.6337
2025-01-25,29.4,57,1.4,10.6,1011.7,14.0,7.2906,80.6337
2025-01-26,28.4,85,0.1,1.7,1020.7,10.7,7.2906,80.6337
2025-01-27,32.5,77,2.7,18.8,1008.8,10.2,7.2906,80.6337
2025-01-28,24.1,54,0.7,16.3,1009.1,14.5,7.2906,80.6337
2025-01-29,22.4,61,5.2,5.6,1032.1,6.0,7.2906,80.6337
2025-01-30,22.3,85,2.2,5.2,1000.6,7.9,7.2906,80.6337
2025-01-31,30.9,70,1.6,14.5,1004.3,5.3,7.2906,80.6337
2025-02-01,28.4,63,5.0,4.9,994.5,8.8,7.2906,80.6337
2025-02-02,22.9,78,0.3,17.8,1009.7,5.9,7.2906,80.6337
2025-02-03,20.9,74,0.0,5.6,1016.2,9.8,7.2906,80.6337
2025-02-04,30.0,63,1.9,8.8,1003.0,9.4,7.2906,80.6337
2025-02-05,24.5,71,1.1,1.7,1019.1,11.5,7.2906,80.6337
2025-02-06,26.6,50,1.7,9.1,1016.5,13.5,7.2906,80.6337
2025-02-07,25.5,79,2.8,9.6,1014.4,9.4,7.2906,80.6337
2025-02-08,27.3,61,4.1,12.3,1009.1,5.5,7.2906,80.6337
2025-02-09,25.8,67,0.3,16.6,1010.7,13.1,7.2906,80.6337
2025-02-10,43.6,81,1.2,7.4,997.5,14.5,7.2906,80.6337
2025-02-11,29.0,57,2.4,1.6,1027.7,9.1,7.2906,80.6337
2025-02-12,29.9,59,0.3,7.1,1029.2,6.2,7.2906,80.6337
2025-02-13,30.1,78,0.4,11.6,1020.8,10.0,7.2906,80.6337
2025-02-14,20.8,60,4.0,10.2,1018.5,12.8,7.2906,80.6337
2025-02-15,27.4,56,1.3,5.3,1014.1,9.9,7.2906,80.6337
2025-02-16,29.0,53,4.1,10.6,1006.6,7.6,7.2906,80.6337
2025-02-17,25.7,89,1.6,14.4,1014.0,13.0,7.2906,80.6337
2025-02-18,22.7,60,2.9,9.0,1013.7,10.0,7.2906,80.6337
2025-02-19,30.6,57,3.9,13.8,1003.6,7.5,7.2906,80.6337
2025-02-20,24.2,82,1.5,0.7,1006.5,13.1,7.2906,80.6337
2025-02-21,34.0,88,1.6,9.3,994.5,5.8,7.2906,80.6337
2025-02-22,23.3,64,2.4,4.0,1012.6,7.7,7.2906,80.6337
2025-02-23,35.1,57,2.4,7.8,984.7,7.4,7.2906,80.6337
2025-02-24,17.5,56,2.2,4.5,996.4,9.6,7.2906,80.6337
2025-02-25,26.3,63,0.4,9.9,1015.4,13.6,7.2906,80.6337
2025-02-26,24.3,64,1.7,10.2,1009.0,11.3,7.2906,80.6337
2025-02-27,22.9,59,2.1,13.7,1006.9,8.9,7.2906,80.6337
2025-02-28,33.0,71,5.1,16.1,1001.5,5.6,7.2906,80.6337
2025-03-01,23.9,73,1.1,4.2,1000.3,14.8,7.2906,80.6337
2025-03-02,27.6,64,0.7,3.9,1007.5,9.4,7.2906,80.6337
2025-03-03,26.2,63,2.6,18.9,1011.0,14.7,7.2906,80.6337
2025-03-04,23.0,59,1.5,9.1,1008.7,6.1,7.2906,80.6337
2025-03-05,24.6,62,1.8,5.6,1006.7,8.2,7.2906,80.6337
2025-03-06,29.7,74,0.6,8.3,1024.5,9.1,7.2906,80.6337
2025-03-07,22.4,60,0.2,1.2,1023.9,9.9,7.2906,80.6337
2025-03-08,25.7,83,1.4,13.9,997.9,11.3,7.2906,80.6337
2025-03-09,29.1,55,14.2,15.1,1007.6,8.0,7.2906,80.6337
2025-03-10,18.4,74,1.6,9.9,1015.7,5.1,7.2906,80.6337
2025-03-11,32.9,89,1.2,8.5,1024.4,15.0,7.2906,80.6337
2025-03-12,32.2,56,0.1,15.1,1005.7,14.3,7.2906,80.6337
2025-03-13,27.0,77,0.1,11.2,1017.9,14.1,7.2906,80.6337
2025-03-14,22.1,59,3.3,3.9,1012.6,11.7,7.2906,80.6337
2025-03-15,31.7,61,5.1,2.9,999.0,9.5,7.2906,80.6337
2025-03-16,32.4,81,2.4,8.1,1005.3,14.7,7.2906,80.6337
2025-03-17,23.8,87,11.7,1.4,995.2,12.7,7.2906,80.6337
2025-03-18,32.6,88,1.8,2.5,1017.9,11.8,7.2906,80.6337
2025-03-19,22.8,63,0.0,1.8,1015.2,13.0,7.2906,80.6337
2025-03-20,33.7,51,2.7,15.9,1002.9,12.2,7.2906,80.6337
2025-03-21,25.0,67,0.4,12.8,1025.4,13.7,7.2906,80.6337
2025-03-22,26.7,77,1.7,2.1,1006.4,14.4,7.2906,80.6337
2025-03-23,24.6,50,0.9,1.5,1007.2,10.4,7.2906,80.6337
2025-03-24,26.1,89,0.2,5.8,1009.9,11.6,7.2906,80.6337
2025-03-25,23.2,72,5.3,0.7,1015.7,10.2,7.2906,80.6337
2025-03-26,24.7,89,3.2,18.8,1009.6,13.8,7.2906,80.6337
2025-03-27,25.4,53,3.8,13.9,1025.5,7.6,7.2906,80.6337
2025-03-28,32.1,60,2.8,15.9,1016.2,9.9,7.2906,80.6337
2025-03-29,30.4,57,0.7,14.5,1025.7,11.5,7.2906,80.6337
2025-03-30,27.8,53,1.4,9.7,1008.5,10.6,7.2906,80.6337
2025-03-31,21.4,51,1.8,19.4,1006.2,5.9,7.2906,80.6337
2025-04-01,25.6,86,0.1,11.2,1001.9,9.4,7.2906,80.6337
2025-04-02,28.0,83,10.8,8.5,1010.8,13.6,7.2906,80.6337
2025-04-03,28.0,74,0.7,18.0,1009.6,14.0,7.2906,80.6337
2025-04-04,26.5,81,3.8,18.1,1009.1,8.4,7.2906,80.6337
2025-04-05,32.7,50,0.6,17.5,1022.2,6.1,7.2906,80.6337
2025-04-06,36.7,63,0.1,8.8,1016.5,7.3,7.2906,80.6337
2025-04-07,31.8,86,2.0,15.6,1006.8,8.9,7.2906,80.6337
2025-04-08,15.2,69,1.3,1.2,1023.6,13.5,7.2906,80.6337
2025-04-09,22.1,68,0.7,16.1,1019.4,6.7,7.2906,80.6337
2025-04-10,20.8,87,0.0,1.7,1005.1,12.9,7.2906,80.6337
2025-04-11,25.4,68,1.1,16.4,1011.8,8.4,7.2906,80.6337
2025-04-12,26.5,76,12.6,3.6,1003.5,7.6,7.2906,80.6337
2025-04-13,19.7,89,3.5,5.1,1019.2,13.1,7.2906,80.6337
2025-04-14,27.3,66,2.4,0.6,1020.0,11.7,7.2906,80.6337
2025-04-15,25.4,82,3.2,6.9,998.7,10.0,7.2906,80.6337
2025-04-16,21.6,62,3.3,5.7,1012.3,14.4,7.2906,80.6337
2025-04-17,25.5,88,0.7,3.7,998.4,6.6,7.2906,80.6337
2025-04-18,23.5,72,3.0,13.3,1011.1,5.8,7.2906,80.6337
2025-04-19,29.3,69,1.0,3.7,1003.1,10.4,7.2906,80.6337
2025-04-20,38.8,86,6.5,16.7,1010.3,6.3,7.2906,80.6337
2025-04-21,24.7,86,2.0,6.9,991.0,10.9,7.2906,80.6337
2025-04-22,30.5,52,10.5,6.7,994.6,10.7,7.2906,80.6337
2025-04-23,27.0,60,1.6,10.7,1014.8,12.5,7.2906,80.6337
2025-04-24,28.0,59,4.1,15.8,1006.6,8.5,7.2906,80.6337
2025-04-25,30.8,69,3.7,11.3,998.9,5.9,7.2906,80.6337
2025-04-26,21.4,87,1.3,3.5,1016.1,9.1,7.2906,80.6337
2025-04-27,28.6,68,5.8,1.3,1026.8,6.1,7.2906,80.6337
2025-04-28,36.7,81,1.3,7.1,1007.3,5.1,7.2906,80.6337
2025-04-29,28.9,66,2.3,7.0,1008.8,13.5,7.2906,80.6337
2025-04-30,24.7,63,2.4,9.5,997.1,5.8,7.2906,80.6337
2025-05-01,30.7,89,3.0,18.0,1016.7,8.6,7.2906,80.6337
2025-05-02,27.5,63,2.2,12.0,1013.8,9.3,7.2906,80.6337
2025-05-03,29.2,86,0.7,15.5,1008.6,9.1,7.2906,80.6337
2025-05-04,15.5,85,4.8,7.4,1019.0,11.5,7.2906,80.6337
2025-05-05,30.4,51,2.9,4.0,1018.8,12.8,7.2906,80.6337
2025-05-06,30.8,87,3.8,9.7,983.3,13.4,7.2906,80.6337
2025-05-07,26.8,65,0.8,8.4,1021.9,13.3,7.2906,80.6337
2025-05-08,28.7,68,0.2,17.9,1007.2,5.2,7.2906,80.6337
2025-05-09,24.2,69,0.8,14.3,1009.0,13.5,7.2906,80.6337
2025-05-10,23.8,61,1.6,1.6,1004.2,13.2,7.2906,80.6337
2025-05-11,27.5,52,0.2,5.4,1019.1,6.3,7.2906,80.6337
2025-05-12,31.8,54,2.0,14.9,1021.2,9.7,7.2906,80.6337
2025-05-13,24.5,78,1.1,5.3,999.9,11.5,7.2906,80.6337
2025-05-14,32.3,86,1.6,17.3,1015.0,11.4,7.2906,80.6337
2025-05-15,32.2,50,0.9,4.0,1013.8,14.9,7.2906,80.6337
2025-05-16,20.0,50,0.8,17.2,1007.8,10.9,7.2906,80.6337
2025-05-17,16.4,75,0.1,15.6,1015.5,10.2,7.2906,80.6337
2025-05-18,28.8,76,0.3,14.9,1018.2,9.8,7.2906,80.6337
2025-05-19,23.9,81,3.3,0.8,1007.8,8.2,7.2906,80.6337
2025-05-20,26.1,69,0.3,7.3,1027.8,5.7,7.2906,80.6337
2025-05-21,29.8,82,5.7,4.0,1007.3,7.8,7.2906,80.6337
2025-05-22,24.4,76,0.2,7.0,1014.0,5.4,7.2906,80.6337
2025-05-23,31.7,74,1.0,9.1,1012.2,12.3,7.2906,80.6337
2025-05-24,24.2,89,0.0,15.2,1011.4,7.9,7.2906,80.6337
2025-05-25,25.3,79,2.4,15.6,1029.8,9.3,7.2906,80.6337
2025-05-26,21.4,55,1.0,9.3,1021.2,13.5,7.2906,80.6337
2025-05-27,31.8,76,3.4,15.0,1009.3,13.2,7.2906,80.6337
2025-05-28,24.1,82,4.1,9.5,1028.5,7.0,7.2906,80.6337
2025-05-29,31.2,85,1.8,14.1,1012.8,5.0,7.2906,80.6337
2025-05-30,25.8,51,2.2,2.3,1013.5,6.5,7.2906,80.6337
2025-05-31,25.9,78,0.1,12.0,1027.6,11.2,7.2906,80.6337
2025-06-01,21.3,82,0.1,8.1,1020.6,9.3,7.2906,80.6337
2025-06-02,36.4,81,0.5,5.3,1011.8,10.4,7.2906,80.6337
2025-06-03,21.2,62,2.4,4.4,1012.5,14.1,7.2906,80.6337
2025-06-04,31.3,60,1.9,12.7,1009.0,14.3,7.2906,80.6337
2025-06-05,34.0,79,2.4,4.1,1002.7,5.7,7.2906,80.6337
2025-06-06,29.9,58,1.3,2.4,1013.1,14.1,7.2906,80.6337
2025-06-07,34.1,56,0.9,6.3,994.3,7.1,7.2906,80.6337
2025-06-08,28.3,61,3.9,14.6,1023.8,8.0,7.2906,80.6337
2025-06-09,23.5,87,0.3,16.5,1003.4,12.7,7.2906,80.6337
2025-06-10,21.6,60,2.3,4.9,1000.1,6.3,7.2906,80.6337
2025-06-11,25.2,54,3.0,5.0,996.7,13.5,7.2906,80.6337
2025-06-12,25.8,73,2.7,1.0,1010.3,10.2,7.2906,80.6337
2025-06-13,32.1,55,2.0,12.7,1007.5,10.8,7.2906,80.6337
2025-06-14,26.1,56,2.8,9.9,1019.5,14.9,7.2906,80.6337
2025-06-15,27.6,59,1.4,19.2,1016.5,10.6,7.2906,80.6337
2025-06-16,27.4,85,5.1,19.1,1028.3,13.5,7.2906,80.6337
2025-06-17,27.3,51,1.8,16.0,1006.5,7.3,7.2906,80.6337
2025-06-18,33.8,54,0.5,15.8,1021.5,8.3,7.2906,80.6337
2025-06-19,24.3,52,4.3,15.8,1019.1,13.3,7.2906,80.6337
2025-06-20,32.4,71,0.8,3.9,1013.6,6.4,7.2906,80.6337
2025-06-21,33.6,68,1.1,8.9,995.0,10.9,7.2906,80.6337
2025-06-22,16.0,85,5.1,18.4,1038.4,14.8,7.2906,80.6337
2025-06-23,24.3,70,0.6,17.5,1014.2,11.3,7.2906,80.6337
2025-06-24,29.7,67,0.7,9.8,998.7,10.5,7.2906,80.6337
2025-06-25,31.8,80,0.0,9.8,1010.8,13.9,7.2906,80.6337
2025-06-26,25.7,79,1.3,15.4,1018.0,14.1,7.2906,80.6337
2025-06-27,27.8,80,1.0,17.4,1006.8,8.5,7.2906,80.6337
2025-06-28,31.1,89,0.7,6.9,1017.4,10.6,7.2906,80.6337
2025-06-29,21.5,61,3.9,6.0,1021.6,7.0,7.2906,80.6337
2025-06-30,30.5,89,1.6,7.5,1012.9,11.0,7.2906,80.6337
2025-07-01,25.5,86,1.4,1.6,1013.5,9.3,7.2906,80.6337
2025-07-02,27.1,81,1.5,16.3,1021.4,7.0,7.2906,80.6337
2025-07-03,27.6,81,1.8,6.6,997.1,9.2,7.2906,80.6337
2025-07-04,24.6,78,2.2,8.9,1001.4,7.0,7.2906,80.6337
2025-07-05,26.2,76,1.5,3.5,981.9,6.4,7.2906,80.6337
2025-07-06,34.4,66,2.0,18.8,998.0,14.0,7.2906,80.6337
2025-07-07,28.1,53,5.6,16.5,1011.0,10.6,7.2906,80.6337
2025-07-08,29.0,60,0.3,9.7,1001.1,6.9,7.2906,80.6337
2025-07-09,21.9,60,4.8,14.3,1008.6,5.6,7.2906,80.6337
2025-07-10,20.2,68,2.3,0.9,1022.1,14.7,7.2906,80.6337
2025-07-11,26.0,53,0.0,15.4,1008.6,12.6,7.2906,80.6337
2025-07-12,36.8,59,1.5,9.1,1006.4,7.3,7.2906,80.6337
2025-07-13,24.2,73,0.2,12.9,1003.0,10.9,7.2906,80.6337
2025-07-14,30.7,54,0.3,9.2,1017.3,11.6,7.2906,80.6337
2025-07-15,28.7,68,1.9,10.3,1007.1,12.0,7.2906,80.6337
2025-07-16,38.1,73,0.1,19.6,1004.9,11.9,7.2906,80.6337
2025-07-17,27.5,57,2.9,13.1,1002.8,6.5,7.2906,80.6337
2025-07-18,25.6,59,0.0,17.0,1010.1,13.3,7.2906,80.6337
2025-07-19,27.3,69,1.4,9.4,1012.9,6.7,7.2906,80.6337
2025-07-20,23.1,55,0.3,14.1,1005.5,10.7,7.2906,80.6337
2025-07-21,31.7,62,2.2,10.8,1021.9,14.7,7.2906,80.6337
2025-07-22,42.2,65,2.6,15.3,1012.6,5.7,7.2906,80.6337
2025-07-23,27.2,75,1.5,7.0,1011.9,8.4,7.2906,80.6337
2025-07-24,35.5,60,0.3,6.1,1027.2,6.7,7.2906,80.6337
2025-07-25,23.4,74,4.1,11.7,1014.5,12.8,7.2906,80.6337
2025-07-26,36.6,65,0.2,16.9,1008.6,6.7,7.2906,80.6337
2025-07-27,24.7,84,4.4,15.6,1014.9,7.6,7.2906,80.6337
2025-07-28,30.9,69,2.1,15.3,1033.1,13.6,7.2906,80.6337
2025-07-29,37.9,89,1.8,4.0,1029.5,12.6,7.2906,80.6337
2025-07-30,32.1,61,2.3,7.3,1026.7,13.0,7.2906,80.6337
2025-07-31,19.9,73,0.6,9.7,1006.7,13.1,7.2906,80.6337
2025-08-01,32.8,56,0.4,12.5,1010.0,8.4,7.2906,80.6337
2025-08-02,30.9,84,0.4,7.5,1004.5,10.4,7.2906,80.6337
2025-08-03,19.5,80,0.6,16.1,1010.1,5.4,7.2906,80.6337
2025-08-04,28.7,80,0.6,11.8,995.4,9.6,7.2906,80.6337
2025-08-05,30.4,73,1.4,17.0,1012.3,10.2,7.2906,80.6337
2025-08-06,28.1,56,3.6,3.6,1009.4,6.9,7.2906,80.6337
2025-08-07,25.6,54,0.3,12.9,1010.4,6.4,7.2906,80.6337
2025-08-08,30.8,75,1.3,13.9,998.7,7.6,7.2906,80.6337
2025-08-09,32.1,82,1.2,4.0,999.4,8.4,7.2906,80.6337
2025-08-10,32.3,61,0.2,0.9,1006.7,14.7,7.2906,80.6337
2025-08-11,17.8,79,0.4,14.3,1001.1,10.2,7.2906,80.6337
2025-08-12,32.9,65,0.2,2.1,1010.2,11.4,7.2906,80.6337
2025-08-13,29.0,56,0.5,11.4,1001.6,5.1,7.2906,80.6337
2025-08-14,34.2,70,0.9,14.4,1013.2,12.3,7.2906,80.6337
2025-08-15,21.3,73,1.9,13.7,999.8,12.6,7.2906,80.6337
2025-08-16,25.6,82,0.4,19.0,1014.3,12.8,7.2906,80.6337
2025-08-17,29.9,88,0.5,14.7,991.0,9.2,7.2906,80.6337
2025-08-18,24.2,56,0.1,19.4,1020.1,9.7,7.2906,80.6337
2025-08-19,25.0,85,0.1,6.7,1000.4,14.4,7.2906,80.6337
2025-08-20,17.3,73,0.2,7.4,998.4,12.4,7.2906,80.6337
2025-08-21,22.6,62,1.8,15.6,1016.6,12.9,7.2906,80.6337
2025-08-22,20.7,50,1.1,19.5,1005.1,5.8,7.2906,80.6337
2025-08-23,22.6,76,2.1,11.8,1023.8,13.3,7.2906,80.6337
2025-08-24,31.5,76,3.3,12.4,1018.2,7.0,7.2906,80.6337
2025-08-25,26.4,71,2.4,1.4,1015.9,9.7,7.2906,80.6337
2025-08-26,23.9,74,0.4,11.6,1013.9,11.7,7.2906,80.6337
2025-08-27,24.8,71,0.1,13.1,1008.1,14.8,7.2906,80.6337
2025-08-28,33.1,60,1.3,1.4,1007.9,14.9,7.2906,80.6337
2025-08-29,38.0,75,0.2,11.1,1017.0,8.4,7.2906,80.6337
2025-08-30,26.6,86,0.2,2.2,995.9,7.0,7.2906,80.6337
2025-08-31,27.7,80,2.3,1.1,1019.4,6.9,7.2906,80.6337
2025-09-01,27.2,76,3.1,3.0,1021.2,7.8,7.2906,80.6337
2025-09-02,25.5,62,1.3,3.9,1030.8,13.8,7.2906,80.6337
2025-09-03,29.7,82,5.4,14.6,1021.9,12.1,7.2906,80.6337
2025-09-04,25.1,89,3.6,17.3,1038.2,12.8,7.2906,80.6337
2025-09-05,28.0,77,0.9,17.8,1008.1,6.8,7.2906,80.6337
2025-09-06,32.6,89,5.3,12.4,1009.1,11.4,7.2906,80.6337
2025-09-07,24.4,78,0.8,13.2,1014.2,14.0,7.2906,80.6337
2025-09-08,25.5,80,8.0,0.9,1017.0,6.7,7.2906,80.6337
2025-09-09,25.7,67,2.8,15.7,998.2,7.0,7.2906,80.6337
2025-09-10,28.4,68,1.8,3.8,1021.0,8.7,7.2906,80.6337
2025-09-11,19.8,89,3.4,2.3,1013.5,6.4,7.2906,80.6337
2025-09-12,32.7,56,1.1,17.4,1012.1,7.7,7.2906,80.6337
2025-09-13,34.9,81,1.0,19.8,1010.8,5.9,7.2906,80.6337
2025-09-14,29.2,71,0.4,9.0,1029.6,5.2,7.2906,80.6337
2025-09-15,20.6,58,1.2,5.9,1010.3,8.8,7.2906,80.6337
2025-09-16,34.2,89,3.6,1.1,1007.2,13.0,7.2906,80.6337
2025-09-17,36.2,70,5.6,19.2,1013.5,6.6,7.2906,80.6337
2025-09-18,25.8,59,0.3,8.5,1017.2,12.6,7.2906,80.6337
2025-09-19,22.9,70,0.5,8.4,1024.2,14.6,7.2906,80.6337
2025-09-20,22.8,81,2.5,2.4,1019.7,8.2,7.2906,80.6337
2025-09-21,28.6,56,1.9,6.7,1002.6,10.4,7.2906,80.6337
2025-09-22,25.2,67,1.4,1.5,1014.8,8.6,7.2906,80.6337
2025-09-23,37.1,83,0.3,0.8,1010.2,13.5,7.2906,80.6337
2025-09-24,23.8,81,2.0,14.4,999.5,14.4,7.2906,80.6337
2025-09-25,27.6,61,0.1,14.2,1009.1,14.7,7.2906,80.6337
2025-09-26,26.5,63,2.0,0.5,1000.8,11.2,7.2906,80.6337
